5729535716,Grace,Limon
5729535716,Spencer,Heredia
5729535716,Charity,Puntarenas
5729535716,Rozanne,Cartago
5729535716,Cornelle,Limon
5729535716,Curt,Limon
5729535716,Abba,Heredia
5729535716,Mariette,Cartago
5729535716,Lydia,Limon
5729535716,Dannel,Alajuela
5729535716,Jessamyn,Heredia
5729535716,Hyman,SanJose
5729535716,Nesta,SanJose
5729535716,Sanson,Heredia
5729535716,Ring,Alajuela
5729535716,Gustave,Cartago
5729535716,Eunice,Heredia
5729535716,Kaycee,SanJose
5729535716,Minny,Limon
5729535716,Bartram,Puntarenas
5729535716,Mack,SanJose
5729535716,Lyndsey,Limon
5729535716,Vern,Alajuela
5729535716,Emile,Puntarenas
5729535716,Helli,Heredia
5729535716,Abbey,SanJose
5729535716,Caspar,Limon
5729535716,Pier,Cartago
5729535716,Cross,Guanacaste
5729535716,Lodovico,Puntarenas
5729535716,Charis,Cartago
5729535716,Halley,Limon
5729535716,Krystyna,Limon
5729535716,Lani,Alajuela
5729535716,Ange,Guanacaste
5729535716,Dory,SanJose
5729535716,Bathsheba,Limon
5729535716,Marshall,Puntarenas
5729535716,Jodie,Alajuela
5729535716,Catharina,Alajuela
5729535716,Avictor,Limon
5729535716,Rip,Limon
5729535716,Dana,SanJose
5729535716,Horatia,Alajuela
5729535716,Bertina,Guanacaste
5729535716,Nissy,Puntarenas
5729535716,Tiebout,SanJose
5729535716,Eloisa,Guanacaste
5729535716,Shalom,Puntarenas
5729535716,Doralynne,Guanacaste
